{"stats":{"minecraft:picked_up":{"minecraft:wheat_seeds":1,"minecraft:dirt":5},"minecraft:custom":{"minecraft:jump":36,"minecraft:time_since_rest":1840,"minecraft:leave_game":2,"minecraft:play_time":1840,"minecraft:sprint_one_cm":2830,"minecraft:time_since_death":1840,"minecraft:walk_one_cm":2899,"minecraft:total_world_time":1840,"minecraft:fall_one_cm":476,"minecraft:fly_one_cm":2702},"minecraft:used":{"minecraft:dirt":5},"minecraft:mined":{"minecraft:tall_grass":4,"minecraft:grass":7,"minecraft:grass_block":3,"minecraft:dirt":2}},"DataVersion":3465}