{"stats":{"minecraft:dropped":{"minecraft:enchanted_golden_apple":1,"minecraft:totem_of_undying":2},"minecraft:custom":{"minecraft:jump":9,"minecraft:time_since_rest":3415,"minecraft:leave_game":1,"minecraft:sprint_one_cm":21,"minecraft:crouch_one_cm":142,"minecraft:play_time":3415,"minecraft:time_since_death":3415,"minecraft:walk_one_cm":2595,"minecraft:sneak_time":113,"minecraft:total_world_time":3415,"minecraft:drop":3,"minecraft:fly_one_cm":14313},"minecraft:used":{"minecraft:dirt":5,"immersive_paintings:painting":1,"immersive_paintings:graffiti":5},"minecraft:picked_up":{"minecraft:totem_of_undying":2,"minecraft:enchanted_golden_apple":1,"immersive_paintings:graffiti":1,"minecraft:dirt":2},"minecraft:mined":{"minecraft:grass_block":2}},"DataVersion":3465}