{"stats":{"minecraft:used":{"minecraft:dirt":5},"minecraft:mined":{"minecraft:tall_grass":10,"minecraft:grass":8,"minecraft:grass_block":3,"minecraft:dirt":2},"minecraft:picked_up":{"minecraft:wheat_seeds":3,"minecraft:dirt":5},"minecraft:custom":{"minecraft:jump":43,"minecraft:time_since_rest":2617,"minecraft:leave_game":3,"minecraft:play_time":2617,"minecraft:sprint_one_cm":3049,"minecraft:time_since_death":2617,"minecraft:walk_one_cm":3111,"minecraft:total_world_time":2617,"minecraft:fall_one_cm":743,"minecraft:fly_one_cm":4088}},"DataVersion":3465}